User Name,Problem Count,General Ranking,Reputation,Contest Rating,Contest Attended,Global Ranking
abhiramit03,223,562437,0,1689.9642663286943,12,98669
aadhithya-10_11,348,299395,0,1461.223803068462,2,422686
ajay0016,109,1175729,0,1440.3380640333269,4,489840
ajai24,119,1089671,0,1402.1306856448555,10,624329
23AIDS011,169,773070,0,1652.024,4,122807
Abisha5011,209,609592,0,,,
anbuchezhiyan2005,314,351978,2,1427.3816522006712,26,529705
Akash01_2,409,228042,7,1515.0058704439166,20,288105
Adhithiya-G,131,998659,0,1294.682204945896,8,715208
anurakthi-km,123,1058039,0,,,
Afrafathima,264,451035,0,1522.2492331193241,17,274530
user5746UC,146,906510,0,1555.1306315026866,6,221445
Anwarraja7088,506,150571,0,1506.0075876112255,39,306421
arumugavel018,82,1473253,0,,,
2005arun,705,67411,3,1714.6161106234913,45,85675
arshiya9,151,876587,0,1353.859602046476,8,682234
user9539GC,206,620116,0,1567.9109244221036,50,204000
Atharsha_P,114,1131129,0,1554.731,1,222005
athi5453,30,2798007,0,,,
Ashini_27,215,592052,0,1679.1511811112223,20,105081
AtchayaS,170,768209,0,1593.357205818276,12,173852
bavishnaviS,73,1604374,0,1517.6782608032227,1,283030
athikesavanm,206,620158,0,1484.5884729801887,10,357910
chandru2301y,290,397460,0,1564.270500146305,31,208748
charuhasini308,90,1373870,0,1397.4485634251646,2,630790
Balaharan,240,512031,0,1454.194337330191,4,444777
Devdarshan,323,336992,0,1549.6065629891134,5,229489
dhanara,161,813420,0,1583.3003338502276,3,185088
Dhivya_P,160,818750,0,1492.498,3,338318
DHIRAAJ_M,33,2654444,0,,,
m__deepika,275,426377,0,1550.136,11,228682
Estherrani603,133,984613,0,,,
deava_dna_05,417,220020,0,1466.2879382897704,38,407658
divyanagaraj,249,488008,0,1516.2964841427151,23,285667
Hariharashudhan_g_08,42,2311080,0,,,
Gokul_30,331,324178,0,1456.4028549023749,15,437783
harikrishnan20,72,1620379,0,1617.301,7,150613
Harinivash46,64,1758614,0,1471.0779190063477,1,394062
user6404Qf,294,387941,0,1556.813511331608,17,219053
DIVYASREERITHA,142,925059,0,,,
malarharish007,84,1446904,0,1580.7794968182316,6,188074
harsha-049,99,1277056,0,1387.351,3,644410
Haripriya1806,96,1307396,0,,,
hari_smita,660,81952,0,1566.846984739391,14,205353
harishravikumar2005,513,146051,1,1647.3214612504878,46,126169
ifankhan2005,127,1035241,0,1594.5590098801522,15,172639
Jagath_Vishnu,432,208668,0,1445.7542882073258,9,471914
sasirekha_123,115,1122583,0,1294.511986028075,4,715252
harshavarshini_26,117,1106059,0,1410.833,1,607739
Harshawardhini,176,740335,0,1593.9870612350555,3,173235
kishorekannan_g,110,1166661,0,1579.056,1,190020
kamalesh_G_J,162,808034,0,1414.1121368122378,5,572706
kavinsanjay058,0,5000001,0,,,
Kanchimalai15,274,428392,0,1619.2646615064534,28,148886
jeevanantham_S23,426,211402,0,1387.8511368839252,52,643743
kavya_r28,155,846341,0,1551.6745918675474,2,226418
keerthikhaa-2005,97,1296890,0,1442.8081512451172,1,481736
user2772FC,70,1652947,0,,,
user9572cl,174,754077,0,1485.962,3,354424
maharaja_10,157,835098,0,1433.1011521188836,2,512830
lakshana21,241,509305,0,1423.679,1,539235
Manikadan_M_5969,137,957375,0,,,
manojvenkat_18,243,503856,0,1550.2263869991853,19,228538
lalitadi11,82,1473256,0,,,
megalabaskar,361,281989,0,1494.7104889205332,12,333075
Mahasri02,154,851966,0,1488.3849347821258,4,348445
mahendra46,247,493148,0,1422.7794238045406,3,541481
Mithun1706,707,66893,0,1837.5322677757167,18,44623
MaliniAlaguraj,119,1089749,0,1393.057,3,636828
Rafi35,88,1397906,0,1460.741,1,424172
methunams,121,1073933,0,1548.754,2,230730
mohanprasath07,234,529161,0,1365.86,7,669688
Nandhini_18,0,5000001,0,,,
Mohitkalaichelvan,77,1544276,1,,,
Natchatrra_RB_5,364,278172,0,1630.008,2,139701
muthu_visalakshi,167,782908,0,1535.827,7,250851
naveenkumarr5115,37,2486441,0,,,
23AD083,1589,3765,0,1575.8017325647338,20,194032
nishadn,125,1043130,0,,,
h6TDtwq9CD,315,350443,0,1626.283,2,142821
Nidhish_Muralidharan,189,684885,0,1531.7217882121388,20,257810
Nibuna083,92,1373959,0,,,
Nishokss,306,366045,1,1595.9316326983121,12,171226
Nithishkumars04,64,1758639,0,1554.462250594783,4,222380
Pabitha_S,40,2414046,0,1569.3572194952715,2,202122
McjHlOljLM,167,783271,0,1469.003,2,399891
nithyashreeeswaran,398,239518,1,1563.3644387323307,7,209985
omprakash44044,260,460476,0,1422.604,7,541924
S_muhammedhakim,109,1176159,0,1560.820228175113,2,213364
hameed_2005,244,501201,0,1510.6017980239317,11,296795
prashath125,163,803328,0,1329.0258007534771,3,700430
deleted_user,15,3933913,0,,,
Praveen-9014,403,234222,0,1460.591315269609,55,424655
Pavithra_Ajaikumar,305,367896,0,,,
praveenkumarS42a,747,57382,0,1592.4596114229143,72,174868
Priyanka_U,80,1500275,0,1526.396,1,266892
Poorrnisha,79,1514318,0,1450.393214809142,4,456867
ramya-t1156,411,225981,2,1661.4284040765583,35,116347
ramkumark1607,14,4049355,0,,,
ramana1106,69,1669854,0,,,
user7040WM,18,3619963,0,,,
priyadharshini511,361,281993,0,1740.5164164962987,58,74253
Ram_Dharshan07,101,1254794,0,1659.4701207491817,22,117689
ravichandran11,149,883157,0,1455.5600469387189,3,440425
ranjan__34z,24,3142880,0,,,
roshinibalamurugan,143,918747,0,1483.571660550384,31,360487
sambenadick_27,192,673047,0,1489.5448200249166,9,345613
sakthi_zzzz,52,2022148,0,,,
sangeeth_sece,122,1066000,0,,,
sakthi3119,348,299403,0,1482.173963518141,9,364177
sanjayPC,71,1636278,0,1450.312614440918,1,457139
Sanjana0507,195,661555,0,1563.5015859793527,12,209793
sanjaypriyan,150,876953,0,,,
sandhyakumar1009,362,280691,0,1483.6481746083061,5,360303
saradawoodai-ds04,161,813421,0,,,
Santhosh_P_007,341,309248,9,1446.0509283553072,13,470949
santhosh-sivakumar,211,602280,0,1591.5763361797417,9,175804
Sanjeevitha_cs,175,744820,0,1484.6657378259654,26,357707
shasty_venkatesh,463,180458,1,1482.4247250456801,20,363479
shivgupta19,1675,3051,0,1733.797,28,77004
rajatjaishwal,335,318177,0,1412.107,1,595447
SHRIDHARSINI,224,559305,0,,,
Satheesh127,247,493149,0,1420.9332424827132,3,546141
selvamounika_k,413,224026,0,1573.894,13,196417
Shaam_31,83,1461931,0,1586.743,1,181159
Shruti198,1672,3068,0,1698.028,28,94345
SRISURIYA,206,620129,0,1405.917,11,618747
sriram22122,356,288462,0,1576.237,9,193497
user1161Fn,79,1515000,0,1580.561,4,188309
Sruthysuji13,97,1296904,0,,,
sumithar77,116,1114696,0,1484.021,1,359341
Shreeram-2706,270,437442,0,1485.988,8,354361
Sugandeepak,27,2960369,0,,,
sridharan-2005,415,221956,0,1780.8718528160473,6,59798
SUREN05,50,2075271,0,,,
sowmiya-2809,86,1421619,0,1613.156,8,154352
suriya_sece,122,1065726,0,1465.233,3,410742
SuryaPrabha_145,114,1131509,0,1373.515,4,661357
susitha2425,226,553011,0,1466.0841489794095,22,408260
tharuna0809,151,870646,0,,,
tarun_001,106,1203759,0,,,
suthishbalajir,218,578646,0,1513.397,4,291219
Swetha_D123,148,888698,0,,,
vasanth37141,239,514859,0,1683.053,9,102670
Vibisha,86,1421671,0,1707.0293426513672,1,89565
VaimitraSenthilkumar,118,1097911,0,1331.477,9,699088
Vinotha_K,135,970858,0,1238.67,10,726078
veeravasanthan18,211,602276,0,1353.1,2,683363
VISHNUYOGESH,99,1277398,0,1370.9398903828376,4,664256
thanusri_14,160,819056,0,1461.585,1,421628
YamunaShri,176,740324,0,1528.004929199565,11,264127
YuvanShankar-2005,211,602287,0,1578.6957712422268,3,190478
gowshic,60,1840384,0,,,
vishnushivaprakashs,165,793233,0,,,
Yashvanth27,132,991536,0,1475.312,1,382142
Abinandhana-sek,111,1157626,0,,,
abishek2912,54,1970788,0,,,
abdullatheef1601,35,2575595,0,,,
afrinfathima,141,931360,0,1332.1785270485411,6,698716
akilanb2005,128,1020261,0,1408.607,5,614602
shriram1422,36,2533816,0,,,
shriram1422,36,2533816,0,,,
user9138Vn,182,714217,0,,,
ASWINAATHARASH,82,1473059,0,,,
bhupe0106,43,2280601,0,,,
deekshileetcode,57,1900857,0,,,
user9138Vn,182,714217,0,,,
dhana11,128,1020645,0,1328.78,8,700555
Dhanush-2023,54,1969605,0,,,
aswinramaraj,198,650628,0,1311.6928079820443,11,708430
Eishanth,95,1318612,0,1530.5654735071973,14,259753
dheekshith_03,72,1620169,0,,,
dharshini2629,201,639149,0,1832.309480216534,30,45798
eswar_anand,169,773073,0,1362.0998210277817,9,673232
gandhiraj_j,218,578492,0,1450.600175730828,3,456200
Hari_2810,92,1350855,0,1440.943,1,487822
gayu1804,107,1194687,0,1502.135,6,314874
Harihareshwar_D_P,342,307812,0,1429.167,13,524706
gokul718,92,1351010,0,1545.65,1,235395
gowthamk___,145,906512,0,1321.454,5,704178
ilamurugan831,72,1621228,0,,,
harini2006,84,1447257,0,1693.7856674194336,1,96587
JAYARANIMANIMARAN,164,798021,0,1568.141,15,203706
KARTHIKRAJ_K,125,1042765,0,1482.719,1,362745
jeyakumar1805,134,977745,0,,,
koushi2211,137,957097,0,1474.342,1,384848
MONISH_KANNA_M_2442,328,329030,0,1400.613,12,626448
lokitha_p,168,777955,0,1477.092,1,377339
Mithun_2526,42,2312808,0,,,
Mohammed_Aswath,180,723104,0,1474.485901964866,4,384410
Nandhakumark05,108,1185618,0,1383.126,2,649855
ragul555,98,1287341,0,1415.2333828125,2,564573
narenkg,8,5000001,0,,,
___RajaMurugan___,373,267203,0,1615.8574670926662,21,151933
Ragavan_V,160,818754,0,1385.931,5,646262
gvprateeksha01,84,1446938,0,1516.668,1,284987
saishree-07,109,1175866,0,1333.989,9,697691
ravikumard,319,343465,1,1382.918,19,650117
r_shivasurya,291,393614,0,1601.7127821784554,15,165450
user0959Wk,49,2104733,0,1542.096,4,240914
BSahanaa,92,1350921,0,1381.413,3,651972
23AIML043,79,1514378,0,1469.6901274106656,4,397974
M_N_SUDHESH_RAJAN,434,204187,0,1541.0075092008783,18,242609
7sujith_raja,157,835080,0,1532.942,1,255700
Srihari12,7,5000001,0,,,
Siddiqsha,374,265975,0,1597.3030672142238,17,169809
surya_aiml20,108,1185020,0,1534.9416732788086,1,252354
suve06,142,925050,0,,,
Theertha08,111,1157531,0,,,
Thirumeniov,174,749411,0,1377.1053951045717,11,657161
Tivyatharshini,183,709715,0,1604.5357648343227,30,162614
Umamaheswari_G,90,1374447,0,,,
yazhini21,203,631314,0,1502.5853434638639,13,313897
VanajKalyan,76,1558335,0,1445.16,1,473929
Thiruneelin,186,697028,0,1502.4360723674465,8,314222
Harshavarthan7,36,2533076,0,,,
hariharpradeep_15,142,925494,0,1390.179,8,640698
VijeyRoshanM,138,950747,0,1445.477,1,472849
arvindbalasubramanian587,126,1035621,0,,,
Vishal3012,179,727036,0,1411.274,1,603475
Devashree_27,141,937829,0,1434.4298154575952,18,508797
aswinelaiya,140,944139,0,1532.7687654560907,13,256021
Ajiba_Reeshma,192,673097,0,1533.505,4,254738
ADHITHYA_V_M,114,1131145,0,1269.5579347997818,6,721194
chandru232305,27,2959783,0,,,
Dhanavarshini_PR,176,740348,0,1650.81,2,123686
23CCE012,229,543796,0,1574.4824191768403,17,195737
devananthshanmugasundaram,115,1122468,0,,,
Dharshana_M,79,1514342,0,1411.2586287327817,2,603855
mguruprasath416,50,2104771,0,1453.7973403930664,1,445984
adithyarajendran098,96,1308003,0,,,
jaishree8888,130,1005914,0,1578.7419506588021,12,190418
11Dk,239,514710,0,1438.817024230957,1,494702
jasonjoshuva10,87,1409886,0,1539.2676122231146,6,245280
Harini_70,53,1993693,0,,,
jeyanthi_a,228,546784,0,1431.0915903267203,29,519017
user1622FQ,131,998674,0,1423.473,15,539711
Jeiyashivani,115,1122430,0,1347.0921586935908,10,689618
KARPAGAYALINI2106,146,900612,0,1401.4884551447071,7,625256
Jodhikrishnaa30,82,1473626,0,,,
user7065LH,78,1529364,0,1567.490884850439,7,204507
user4096B,412,224974,11,1777.056449166573,41,61018
kavinesh123,107,1194482,0,,,
kishore_07k,154,852019,0,1615.233,5,152488
user1742Vs,162,808123,0,1401.058,4,625821
kawinmuthukumar,213,595408,0,1607.3731275582327,22,159904
Keerthana_S0401,117,1106463,0,1542.1,6,240907
Naveenraj2705,14,4048065,0,1430.271,1,521536
naveenffts,147,894503,0,,,
Nikhila_D,133,984563,0,1515.6272987718896,16,286949
Madhesh-kanna-06,285,405251,0,1316.05,16,706677
Lavanya-15,124,1050377,0,1527.445,6,265076
Mu_LEE,580,110874,0,1680.8429052611023,61,104049
nirmalraaju_mb,156,840798,0,1297.3892292135379,4,714391
Pavith_ra-05,65,1739453,0,1408.646,9,614529
Mugesh81,74,1589762,0,,,
prasanth09102005,204,627582,0,1419.9401657283593,31,548366
pradeepamcce,89,1385647,0,1565.3921678488618,4,207245
sanjithsece,254,475067,0,1494.1420666694978,51,334357
Sanjay_Murugesan,116,1114916,0,1521.812,2,275324
Samuvel_gipson,91,1362518,0,1362.858,3,672539
SaumyaM_2005,289,397449,0,1533.543,8,254687
prishasanthosh,263,453300,0,1663.527382295229,34,114940
shubha_06,53,1993702,0,1379.165,9,654697
srivignesh_cce,15,3925323,0,,,
RSUBHIKSHA,98,1286781,0,1477.301,3,376781
7uAbe382RM,10,4681990,0,,,
shobiha,333,321150,0,1582.414548373119,25,186139
Sarathi_Udhai,116,1114375,0,1404.9003983860125,6,620260
sriramkv1409,234,528985,0,1453.9885387884958,10,445386
srisridhar,162,808172,0,,,
thamaraiselvansubbiah,11,4487658,0,,,
suganprabhu,25,3085138,0,,,
Adriannaa_Anand,54,1969602,0,1412.224,1,593896
varunsanthanam14,28,2906095,0,,,
Vishwa063,45,2217174,0,1441.318,1,486565
aghilandj,166,787944,0,1645.194,5,127748
yuvarajcce,65,1739087,0,1414.5898818969727,1,568222
angupranisa,269,439507,0,1392.9108946155354,5,637013
user6955qQ,190,680926,0,,,
yaswanthvisa,142,924637,0,1605.028,2,162111
bharanidharansivakumar64,47,2161222,0,,,
aravindh17,172,764150,0,1404.4597901391896,10,620876
ashmika_29,90,1385627,0,1328.79348094274,5,700545
ashwinth_22_,136,964075,0,1417.18482630037,2,555589
birunthadevi,126,1035173,0,,,
rsd_004,117,1106055,0,,,
user9432c,32,2702178,0,,,
darsan1425,55,1945859,0,1567.211,1,204864
harish_875,6,5000001,0,,,
Dhivithkumar,60,2018503,0,,,
Jackbruno,2,5000001,0,,,
doracsbs015,51,2044953,0,1454.247,2,444631
Dharshini_2005,188,688767,0,1432.2836563678247,13,515351
jerlinprincyf,96,1362547,0,,,
Janarthani_d,88,1397569,0,1404.884,2,620280
user4954ud,298,380703,1,1401.947,3,624592
jithenderj,0,5000001,0,,,
krishaus_16,139,944583,0,,,
Jithesh_Mouriya,21,3357343,0,,,
Haarishcsbs016,93,1339951,0,,,
kiruthikasivakumar,51,2044690,0,1627.403,3,141852
KISHOR_S_06,127,1027681,0,1463.8240211888365,2,414824
Kishore_csbs,208,612938,0,1509.184043628243,15,299783
KRISHNA_3406,292,391647,6,1464.3282129033264,12,413409
Lakshitha_SM,124,1050465,0,1631.5977571972762,5,138434
mohanprasath2006,87,1409564,0,1463.6585793441172,3,415323
user8749DW,123,1058119,17,1373.9765311978808,7,660833
Mithraja,21,3357306,0,,,
manojsinghd,71,1636212,0,1458.7154388427734,1,430498
mithil_123,19,3524973,0,,,
meena032,109,1175871,0,1475.975816988819,11,380369
nirmal77,49,2105354,0,1428.366,1,527017
nithyanagamuthu,101,1266025,0,1537.144660949707,1,248662
premkumar_karunanithi,68,1687417,0,,,
pragadeswaran,46,2187939,0,,,
Prathiksha12,90,1373214,0,1540.0464710816182,10,244093
muthaiah_panchanathan,329,327356,1,1622.4138834362832,17,146100
Ragghhul,21,3359878,0,,,
HhUWSnR3vy,4,5000001,0,,,
Sanjayshanmugasundaram,19,3549649,0,1412.9390716552734,1,584999
Sudhan_005,170,768441,0,1512.3915455642448,12,293227
rathina_7,114,1131737,0,1564.0808464017937,15,208992
Sivakumar09072004,160,818743,0,1383.39871200669,4,649496
raguram832,135,970856,1,1552.62,4,224961
Sathyan_Deepak,5,5000001,0,,,
sowmyatiwari,35,2568634,0,1412.822,1,586879
Sivavashini_S,43,2286208,0,1588.2364407852335,5,179448
sri_sakthi_b,24,3139613,0,,,
geethanisri,121,1073720,0,1421.591366589947,5,544496
Suruthiksha,99,1277028,0,1441.452,1,486102
vaishnavpv29,109,1175656,0,1521.180483366761,3,276507
Sundar_1004,249,490524,0,1500.894468388455,22,317630
SanjaySaravanan123,200,643896,0,1810.4550720761004,15,51194
Vengadesh_7,7,5000001,0,,,
Abhishek_Kunwar23,302,373382,0,1378.09,2,655984
user9918vi,33,2653875,0,1458.80126953125,1,430230
aadhiaadhi5435,200,643487,0,1403.1691711593312,3,622822
Abirami6,198,650708,0,1303.928,6,712035
Vethanarrthana,110,1166557,0,1412.224,1,593885
user3161EP,635,88805,78,1512.6558930319934,31,292698
adityavn03,83,1460739,0,,,
Agadeeshwaran,115,1122579,0,,,
yunus_mm,166,787908,0,1463.5881683665032,18,415529
Ajay_kannan35,506,150569,0,1541.3999003411823,66,242017
nsmhjtj,142,924935,0,1430.417436150802,2,521078
Akazh_krishnan,115,1123077,0,,,
ananthkishore11,122,1065815,0,1429.8865669652034,2,522626
AkhshayTP,101,1254108,0,,,
user1472ch,100,1266011,0,,,
Anushiya_01,480,169139,0,1425.4418702267221,23,534817
akshaypree007,7,5000001,0,1352.876,2,683678
ANTO_SHREYA,130,1005908,0,1366.398,2,669097
AravinendhR,171,763323,0,1318.1346108235298,12,705718
aneash,122,1065813,0,1461.019,1,423349
ANGURAKANISA,111,1157509,0,1362.6386652716142,3,672740
Ashiq17,335,317975,0,1427.71,4,528817
asathasath435,70,1653667,0,,,
user3903wV,164,798109,0,,,
AnishaDharshini,245,503848,0,1400.385,6,626758
AshJay009,73,1604588,0,,,
aravinthanvijayakumar5,48,2132816,0,,,
ashiyaparveen,206,620078,0,1696.6784822630334,8,95033
arunrajasekaran1209,131,999119,0,1303.0037661076417,9,712422
Ashwin-M,161,812972,0,,,
Barath1234S,90,1373933,0,,,
aswinsuriya,174,749421,2,,,
user8937cr,133,984614,0,1461.985885497043,5,420401
Benny03,142,924964,0,1354.55,2,681026
balachandarb,439,199744,0,1534.734150745134,57,252672
Bavanetha27,427,210472,0,1675.0206957447776,12,107567
boobalan_rs,107,1194498,0,1424.836,2,536351
XpL0itX,318,350234,0,1538.979,1,245769
darsanv_27,52,2021118,0,1524.4918622468647,2,270376
Barath_kumar_R,66,1722275,0,,,
BOOPATHI_V,520,142418,0,1552.1578125647486,49,225675
Dharanya_S,125,1050366,0,1420.775,2,546464
dharshan19122005,165,793311,0,,,
DeekshithaMariyappan,154,851957,0,1289.3488630948102,9,716717
danushsiddarth,78,1528484,0,,,
dharanisham,106,1204097,0,,,
iam_elango,78,1528388,0,,,
guruvishal,513,146750,0,1478.074680201032,19,374681
Divakarravi,234,528997,8,1341.4553999306809,4,693168
dhiviya_c,193,677001,0,1509.4160206245197,17,299260
Elavarasan_P,97,1296912,0,,,
GeethapriyanS,522,140681,0,1532.1954390069297,51,257002
harshini_74,149,882814,0,1410.318017487093,4,609865
harishkumar20,180,727153,0,1372.24,5,662758
Ganga_sree,142,924986,0,1659.4502844945605,20,117700
HariDharsaun,470,175828,1,1293.7828588787631,27,715466
Hemavathy123,229,543794,0,1379.296,2,654558
Hemavarna_Sundar,75,1576903,60,1499.6193968929974,5,321681
hejoshi77,284,407248,0,1565.073,7,207656
Ishansingh7,211,602240,0,1570.529,2,200615
Hemma_lekha,80,1500304,0,1519.656,2,279357
kaarthikasekar,149,882839,0,,,
JoannaSharonD,330,327398,0,1545.420904687466,14,235744
jayasuryam,133,984668,0,1399.5492485341115,4,627953
vijayaww,152,863426,0,1444.3473815917969,1,476601
Guruvel,117,1106971,0,,,
Kajini_Periyasamy_K,91,1362326,0,1352.7529339253422,5,683880
KRISHNAPRATHAP_G12,75,1575645,0,,,
Ajalesh,63,1779616,0,,,
Boobalank,89,1386938,0,,,
RANA15,73,1606330,0,,,
Arjun655_PVN,0,5000001,0,,,
Jeya__007,100,1266038,0,,,
vicky_07_,169,773565,0,1562.8745195565966,5,210616
karthickgr__08,232,534769,0,1348.0,3,689005
karthikraja-18,159,824251,0,1345.049281987304,10,690946
user0861hO,397,240493,0,1554.9905271892314,48,221647
kavyashreecse,81,1486617,0,1460.412,1,425195
user6363RF,107,1194488,0,,,
Karthikesh03,232,534797,1,1440.242,1,490135
kirtick_28,552,124220,1,1644.9453473720573,41,127932
karpagammaheswari12,328,329003,0,1433.952,43,510281
MadhavakrishnanThangaraj,133,984609,0,1554.245,1,222678
kritikasapkota,320,341829,0,1452.487,2,450107
kirubha_sagar,125,1042717,0,1437.847,1,497828
mahesh-kumarr,143,918777,0,1417.557,1,554249
malarvizhi_s,149,882843,0,1506.1589113926743,8,306116
user9315qK,159,824032,0,1513.756,4,290501
mamtha_006,114,1131054,0,1351.871,2,685219
ManimegalaiElangovan,218,578490,0,1450.686947452134,30,455899
manobalan_08,22,3277807,0,,,
Lakshetaa,175,744824,0,1526.793,1,266210
rahulmanish05,17,3708250,0,,,
midhuna06,252,480222,0,1509.0397294150905,2,300102
moganprasadh,255,472622,0,1451.181,9,454338
Manobharathi_11,50,2073462,0,1425.239,1,535356
Mohamed_Anas_3300,172,759050,0,1464.937839673288,4,411654
CSE093,169,773088,0,1484.651,3,357739
Mhithun_TR,59,1859014,0,1554.497,2,222328
mohithb2023cse,70,1652928,0,,,
miruna_3905,214,592046,0,1505.9916513979874,16,306449
23cse095,98,1287241,0,,,
user1821Ag,322,338646,0,1521.4271692054483,5,276019
mugilan1505,92,1351002,0,,,
nagalakshmi24082005,131,998789,0,1602.525,1,164667
mohammedsafil,264,450824,0,1485.8342577904134,8,354771
naresh2812,186,697067,0,1374.318751002237,6,660437
MukishKumarT,349,298067,0,1467.348012731631,20,404499
nigun_karthi,84,1447492,0,,,
Nithien-SA,252,480227,1,1401.3,9,625499
MythreyiniK,107,1194433,0,,,
narthika_m,182,713935,0,1362.232,2,673104
NaveenPrasanthP,96,1307841,0,,,
nithyaganeshK3,250,485479,1,1288.0542860285525,26,717044
nithyasarathim,229,547171,55,1628.200366833911,14,141184
nishanthramk9626,118,1098208,0,1467.551,2,403925
pranaov_2701,58,1880341,0,,,
Pranati_Rajagopal,100,1266105,0,,,
poojanascse,213,595377,0,1306.983,23,710518
user7365na,156,846351,0,1579.3801032162064,6,189643
PrasannaKumar1907,90,1374018,0,,,
user8420Lc,52,2018496,0,1536.401,1,249919
NIVETHA-G-CSE,236,523319,0,1335.617,21,696773
ravena_s,199,650481,0,1493.7290630640928,27,335367
poongu_zhali_,131,998788,0,1323.5839387506733,13,703201
Ragul_Raj_N,203,631306,2,1372.911,7,662025
prasan06,82,1473098,0,1515.997,3,286229
praveen_007,0,5000001,0,,,
ramya28112005,124,1050296,0,1312.624,6,708101
rieckace,436,202434,1,1621.1955922095904,13,147127
raviagrahari2023cse,282,411336,1,1361.2193137283887,19,673980
Rhythan_varsha,247,493128,3,1463.413,4,416091
user8796FX,259,462889,0,1588.194613062991,4,179502
rohinijk,242,506524,0,1475.808,4,380813
Rubanraj26,130,1005900,0,,,
ihtir,209,609381,0,1504.186,6,310376
NitheshSuresh,29,2856487,0,,,
rohithn,56,1910860,0,,,
santhoshsiva_,39,2419234,0,,,
sabishree06,395,242516,0,1659.6453723446587,40,117577
Susindiran_G,42,2315590,0,,,
sabarimcse6369,554,123220,0,1530.942601130849,33,259160
sakthisugesh,69,1669551,0,,,
saharbanu786,170,768174,0,,,
Sania_5,157,835046,0,1576.747,1,192903
matchaswirls_,70,1654011,0,,,
sanjaykanthkk,82,1473937,0,,,
sajinsiva,106,1204088,0,,,
sanhariharan2023cse,104,1233667,0,1455.9319188628995,12,439277
Santhoshkumar_555,592,105632,0,1511.137692870192,57,295712
dksanjaykumar,213,595410,0,1412.453,1,590367
Sanjaiykumarsv,122,1065719,0,,,
sara-2905,191,684838,0,1762.93963723115,12,65677
sarvesh_24_,520,142419,0,1684.5441821035774,42,101830
rdsathana,141,931362,0,1482.808,1,362520
Saveen_jr,163,803102,0,1354.7401770918996,2,680740
saravanan-m2006,302,375227,0,1625.9345001387617,8,143111
shreram7,54,1993680,0,1379.0726293837006,5,654796
skarthiek,177,735837,0,1560.2134019955442,40,214207
Shahil-b2005,256,470158,0,1468.8261133855403,10,400348
Shanthish,198,650444,0,1323.2959818052923,43,703325
aarya_prab,30,2797219,0,,,
ShreenithiN,254,475068,0,1720.8035335725447,38,82742
sherrly_n31,75,1573697,0,1528.11,1,263964
siddharth_s32,167,782882,0,1451.8581671873221,31,452127
Shri_Ramakrishnan,111,1157503,0,1583.456039428711,1,184912
venkatesucse2718,180,722616,0,1362.5773760576851,3,672800
sithu31,113,1139926,0,,,
j_sudha,267,444200,0,1582.3555664584508,27,186213
sudhakar08,82,1473064,0,,,
Sridhar_n09,414,222968,0,1789.6724214939802,24,57096
sobana_k24,115,1123478,0,1412.3474921876636,6,591572
user5334is,81,1486463,0,1513.023,1,291987
subhashini01,396,243578,0,1775.6578639485847,28,61439
sriram_cse_07,148,900594,0,1369.646399933813,5,665669
user2908US,117,1105993,0,1454.05,2,445216
suganth_st,101,1254605,0,,,
sugavanesh37,389,250135,11,1833.9128639469866,32,45394
sudharsan_m_g,145,906636,0,1440.891,1,487997
sudharshan077,59,1857926,0,,,
Dhamii_7,209,609744,0,1495.997,1,330107
sushantt__mishraa,27,2969389,0,1545.59326171875,1,235490
swethaig,158,829466,0,1263.9778034922685,7,722333
sujan_st,299,378919,0,1606.6939383784427,3,160552
tharun_06k,149,882826,0,1412.6758575439453,1,588980
sujitha_2005,157,835092,0,1546.6414623367477,11,233894
VAISHNUPRIYA_V,120,1081612,0,1406.715323295398,8,617633
vijayguhan12,281,413427,0,1394.754,11,634466
varsha_mr5,72,1620203,0,1456.037,2,438940
thoufikumar,74,1588967,0,1411.025,1,605654
vijayakannadhasan_t,396,241541,0,1435.4313423972583,54,505597
Varun_Govindh,161,813101,0,,,
vijayavikashini7,133,984537,0,1386.778,4,645166
vikram58,66,1721460,0,,,
Visakan_07,15,3933880,0,,,
varshedhaa07,256,472607,0,1482.5760759567684,23,363111
vishnnu_v,307,364183,0,1541.7257304863244,12,241501
user8838xU,158,829508,0,1434.620455056045,3,508197
vijithasa,156,840695,0,1449.961727660625,14,458285
yogendra_leetcoder,299,378907,0,1357.564390812082,29,677230
yaswanthcse194,21,3354551,0,,,
Naveenkumar__07,94,1330116,0,,,
GUGAN2005,78,1530511,0,,,
Yogeshcse196,221,568735,0,1588.8722093799447,3,178739
vishnu1412,371,269570,0,1475.0544576246643,30,382890
vyshali_08,125,1042718,0,1595.6100693637109,8,171559
adityakirthivasan,186,697107,0,,,
boomathinataraj,319,343550,0,,,
ajithpraveen567,190,680922,0,1551.3782501220703,1,226837
Rithisshaj07,45,2221242,0,,,
Dharaneeshguhant,165,803131,0,1500.7534393513124,12,317932
VISALANI24,49,2108345,0,,,
Gowtham-G-15,182,713978,0,,,
user6755ZY,171,763498,0,1375.5790692781252,5,658995
harini23ec040,341,309289,0,1546.1224003842003,2,234719
dharaneesh_ece,108,1186464,0,,,
gurusarves,127,1028479,0,,,
user3661A,203,631320,0,1602.4613262875205,2,164728
vgowtham2005,154,852036,0,,,
Ezhumathi_senthil,164,798042,0,1791.1067461820803,34,56690
JAYASUDHAN_S,229,543946,0,,,
KAARTHIK_S_18,500,154617,0,1513.8063085964739,39,290389
sbykH3ZR0J,0,5000001,0,,,
hrithick6,145,906464,0,1444.985,1,474509
Ijazahamed_2005,152,864242,0,,,
MohanPrasathSece,219,578860,0,1507.705,5,302902
imohamedirfan40,98,1285981,0,1411.274,1,603579
karthikeyan30,555,122674,0,1637.879,40,133402
kaviyapalani,273,430662,0,1406.2227163611337,11,618320
mathiofficial07,203,631321,0,1305.746,3,711157
_nishanthkraja_2005017,103,1234511,0,,,
prabhu2005,241,509226,0,1553.667,3,223476
praveen18_official,437,201163,0,1392.946,7,636969
sandhyaspks,238,526174,0,1315.246,5,706996
sandhyar2006,413,224028,0,,,
Roshini_2301,145,906525,0,1456.551524129959,4,437309
Rohitamurali,248,490551,0,1449.8387351459703,2,458693
SABEELMOHAMED,223,562436,0,1402.0087511094669,23,624501
SaranAdithyaRS,417,220056,0,1520.8839930332863,22,277069
selvapradeep,204,627522,0,1462.0967076907477,12,420063
user5546Ar,199,647017,0,1399.5820564278201,4,627913
siva19072005,608,99096,0,1514.9539118231426,60,288214
saruban,134,977726,0,1420.7038987597302,7,546585
Sharan-06,303,371449,10,1477.9449426059134,31,375013
ShasiKumar_R,140,944252,0,1400.5427496434845,10,626535
_siva_7,90,1374704,0,,,
ssoujanya20050807,254,475170,0,1546.902,9,233505
soundarya47,24,3140129,0,1449.0509033203125,1,461341
SudharsanDeepak,223,562425,0,1442.422255763022,42,482974
user0964Dz,193,669127,0,1470.2202094273225,39,396413
surekha_a,274,428391,0,1480.1244735717773,1,369370
Sri_Sivaranjani27,156,840746,0,1570.3074074822462,9,200878
swetha1804,474,172030,0,1467.757,18,403354
sudharsanprakalathanvm,239,514831,0,1491.954778047972,48,339636
srikarthika20,142,924895,0,1468.8045613291802,8,400419
Tamilselvan84288,242,509296,0,1475.932191040825,22,380473
srinitha2356,204,627548,0,1440.3647574016427,36,489740
thanarangan_s,219,578647,0,1438.3631661148886,17,496123
VIVEGHA_V,144,912693,0,1614.6850262752891,3,152995
madhanaece307,64,1761081,0,1351.116,2,686321
selvakumar_c,128,1021137,0,,,
vipinkarthik,258,465295,0,1470.8088833559043,40,394799
vaishnav2023ece,145,907303,0,,,
vikasss0407,236,526202,0,1568.2973863494353,52,203506
vishwaridha,423,214214,0,1460.6048955933109,50,424615
arishkumar0611,0,5000001,0,,,
spican73,35,2568219,0,1441.9587286909211,6,484502
APARNA2006,22,3283558,0,,,
arunshai20052006,0,5000001,0,,,
vigneshkumar2023,126,1036074,0,,,
Arjun_ECE,99,1277047,0,1493.3394184567871,3,336247
bharanisr2006,0,5000001,0,,,
boomika24,64,1758676,0,1413.731575012207,1,577421
Aswath26,10,4652725,0,,,
dharszxn_25,28,2906393,0,,,
atchayashiri,80,1500164,0,,,
Gopika_shree_23ECE035,37,2527238,0,1437.7241134643555,1,498225
Gayathiriii,13,4178284,0,,,
atchaya_atchaya,20,3437586,0,,,
godson03,26,3015202,0,1489.5117910284746,2,345700
hemadharshini1,77,1543456,0,1548.057,1,231771
HrithickramR,46,2188217,0,,,
23ECE047,46,2187934,0,,,
Likith_V_D,623,93279,0,1553.664,1,223481
loga_2023,109,1175817,0,,,
indirapriya05,82,1473089,0,,,
Kavin-2006,0,5000001,0,,,
jegadhees_06,99,1277049,0,,,
23ECE073,96,1307392,0,,,
Thoufiq0210,199,647045,0,1483.123,1,361665
Mounish_V,27,2956329,0,,,
Naren-3,28,2902789,0,1439.466,1,492617
Mdfudail,105,1214438,0,1352.794420628598,2,683828
kaniska_sece,26,3015773,0,,,
nishanth_rajendiran,47,2159323,0,,,
user6518MW,126,1035244,0,1416.3272393294085,4,560055
Mugilan205,474,172022,9,1393.8833595529295,25,635668
nan,456,185154,0,1605.7398799993614,27,161472
23ECE098,147,894492,0,1542.2248800549928,5,240700
ragesh,0,5000001,0,,,
RAJESHWARI_KM,43,2277902,0,1351.617,3,685662
philip_8680,0,5000001,0,,,
PRAKASH2005,211,602444,0,1311.6772569328061,18,708438
rohini_1803,45,2224203,0,1460.683822631836,1,424353
nan,456,185154,0,1605.7398799993614,27,161472
Rithiv17,9,4849601,0,,,
Saravanakumar_m20,108,1184878,0,1129.711,10,732040
srihari_m,4,5000001,0,,,
SK0303,19,3524140,0,1422.306,1,542661
Sruthi72,56,1922633,0,,,
Rsubash1,125,1042739,0,,,
SanjayKumar50,10,4652581,0,,,
user0309au,5,5000001,0,,,
shrujan0275,283,409295,0,1712.049,21,86958
Tarun_SB,35,2568181,0,1439.040184020996,1,494010
itharaneesh,63,1776987,0,,,
vasanthan16,11,4478168,0,,,
TharrneeshShanmugham18,53,1993674,0,1448.067,1,464457
udhaya__prakash,4,5000001,0,,,
Thirlojanan,11,4476255,0,,,
Thinakarsubramanian,6,5000001,0,,,
G_VISHNUKARTHICK,24,3354584,0,1484.7408093904194,2,357525
yashwinr,5,5000001,0,,,
yugesh_g,13,4177467,0,,,
dhanu10-_,0,5000001,0,,,
anbuselvann1611,27,2957326,0,1412.161,1,594650
VarunPrasanna-A,3,5000001,0,,,
user6543ze,17,3709423,0,,,
Bharanidharan_R,21,3354678,0,,,
ABINANDHAN-S,87,1410047,0,1617.671012878418,1,150269
Bharath_00gihijvdl,0,5000001,0,,,
gowthamece,40,2379177,0,,,
Charan_Madhav,216,585110,0,,,
divya2225,165,793037,0,1474.4986054676522,12,384374
dhanushrithiick,91,1362998,0,1433.206210111594,3,512498
Indhum,0,5000001,0,,,
HishamSulaiman-M,0,5000001,0,,,
Enbarasu_23EC029,61,1816402,0,1359.397,2,675700
Kaarmughilan,101,1254643,0,1512.2873406661183,2,293419
karhti,27,2957509,0,,,
kapilkumarashv23,189,684891,0,1524.7935919382196,2,269802
kanishkavj,12,4327985,0,1464.7550582885742,1,412167
KATHIRSELVANS,12,4321121,0,,,
kanishka1475,61,1816481,0,1566.206932067871,1,206169
Karthikeyang61,14,4048135,0,,,
kaliesboopathy_s,21,3354683,0,1412.224,1,593873
kavikumar12,51,2044922,0,1452.401,1,450364
user7376zH,15,3925439,0,1570.468,2,200701
kavin_865,57,1902221,0,,,
ManishankarSECE,98,1286761,0,1424.451,10,537269
user8115JU,45,2218383,0,1488.728,1,347577
LikhitS,19,3521775,0,,,
user4060aH,37,2487993,0,1558.8998794555664,1,216050
Manojvel,71,1636296,0,1616.1343176153641,3,151694
Maragathaambikaa,67,1703552,1,1348.186,3,688865
23ECE082,73,1604361,0,,,
mohan2006,57,1900010,0,1418.532,2,551739
Naveena23ece,112,1148592,0,1561.452,1,212529
mathumithakumarasamy,130,1005845,0,1416.377,15,559945
K-NASHRIN-FATHIMA,34,2610199,0,,,
Naveensurya_V,97,1296707,0,1409.7710681028411,13,611919
charles__n,51,2045235,0,,,
maddy1769,347,300799,0,,,
user6136Jd,118,1097922,1,1553.799,3,223285
pavi30b,82,1475820,0,1494.242495961054,5,334122
user1393BE,111,1157414,0,1412.075,1,596059
PrAnaV_120001,14,4048608,0,,,
PrasannaMurthy_N,154,851930,0,1102.644,16,732552
RANJEEKA_SHREE,72,1620151,0,1412.224,1,593877
praveenraj1017,1,5000001,0,,,
_priyadrlgzz_,174,749373,0,1663.874,2,114734
nishanthh011,0,5000001,0,,,
23ECE124,177,735879,0,1320.934,6,704450
user9518GA,6,5000001,0,,,
simonjai,30,2796915,0,1454.598,1,443460
Smrithi_l,100,1265953,0,1307.897,4,710085
user6993bP,3,5000001,0,,,
srijithsm,20,3437287,0,1509.662,1,298771
suresh_kumar14,19,3524079,0,,,
Threyaks2005,70,1652806,0,1453.674,1,446355
user5987SD,7,5000001,0,,,
kanakeshwari,1,5000001,0,,,
VOMKAR_BS_14,501,153866,0,1519.339,3,279967
nishanth02,5,5000001,0,,,
arjunm2005,0,5000001,0,,,
dharshini0,1,5000001,0,,,
ajay_sece,13,4180243,0,,,
selvapradeepk,11,4478072,0,,,
aadhi_01,44,2247482,0,,,
Jesanu_2527,31,2747060,0,,,
user6438QL,21,3357129,0,,,
mkbm1307,203,631518,0,1492.7201119318415,7,337779
user4603vi,35,2568167,0,,,
Akshaya2023-27EEE,28,2902534,0,,,
user1631Pi,35,2568168,0,,,
Deeraj_13,35,2568617,0,1471.001,1,394277
aswini_ms,138,950668,0,1734.6790075265471,13,76642
hari_018,8,5000001,0,,,
Dinesh01032006,2,5000001,0,,,
user3226uu,87,1409387,0,1352.1404408104763,5,684780
harshhini04,8,5000001,0,,,
Kaushighas,26,3015230,0,,,
o8fsUu06Wd,84,1448583,0,,,
user4874Bs,121,1073721,0,,,
harshini27,4,5000001,0,,,
Kavinpraba,132,991505,0,1306.123,3,710982
Kruthikasivakumar,135,977759,0,1361.8913384444525,9,673421
user4475b,32,2699689,0,,,
user7397HJ,81,1486449,0,,,
logesh26,27,2961235,0,,,
logesh_moorthi,54,1969601,0,,,
Mohan_A_005,13,4178117,0,,,
smohanaprasath,160,818876,0,,,
Mohammed_Aarif_H,0,5000001,0,,,
Nandhakumar07,61,1816400,0,,,
NandhaKishoreR,18,3614288,0,,,
mrithikas,170,768196,0,,,
nan,456,185154,0,1605.7398799993614,27,161472
user6168fc,10,4652515,0,,,
user5577RP,50,2073384,0,1408.2,4,615452
Priya_Elango,34,2611177,0,,,
user8082uE,210,605827,0,,,
pradeepkumar28,13,4178475,0,,,
sameema,0,5000001,0,,,
praveenal,206,620157,0,1537.1457150107935,2,248661
riyasrahman,33,2656928,0,,,
sandheyasree,23,3207394,0,,,
Rittish,134,977295,0,1456.4115196023288,3,437765
sibipathy,22,3279131,0,,,
santhossh_k_g,23,3207910,0,,,
shruthi_raja08,70,1652936,0,1411.031,3,605543
a_shyam,14,4057063,0,,,
user1582cv,58,1879259,0,,,
sridharshan19,220,572025,0,1558.1878119274602,9,217022
sivaram3582,16,3812971,0,,,
SURIYA-RK,15,3926520,0,,,
sowbarnika,1,5000001,0,,,
Varsha_S_,76,1558148,0,1296.9630474391781,6,714537
vasanth_57,19,3524044,0,,,
Vikash_V_,39,2413933,0,,,
yeswanth,0,5000001,0,,,
user8683OF,78,1528502,0,,,
nan,456,185154,0,1605.7398799993614,27,161472
mithun777,5,5000001,0,,,
Veeraneshwaran01K,5,5000001,0,,,
Rajanandhini07,16,3832162,0,,,
Khalid002,77,1543281,0,1443.2848880165502,2,480157
vishalineshab,49,2104750,0,,,
n8seZdOkRE,223,565682,0,1558.2881126212142,33,216888
ABISHEK_VISHAL,69,1669656,0,1529.6937871344642,3,261236
aksharat17,91,1362445,0,1483.7379455566406,1,360070
charumathi1212,64,1758618,0,1454.6604432191816,4,443255
user6427GJ,89,1385640,0,1548.5870208717463,3,230998
ssdharshan185,9,4848805,0,,,
ArjunRyzen,45,2215400,0,1444.087028503418,1,477464
aruneshwar16,167,782984,0,1480.2105651756315,9,369166
Dhusyanth20,70,1652819,0,1370.1701530957714,3,665078
divyasece,263,453379,0,1504.7199999442103,3,309226
chandrapriyan,107,1194474,0,1569.1869313401423,7,202350
dineshramit,183,709716,0,,,
Elavarasan12_3,125,1042708,0,1494.87,15,332711
haritham58it,260,460440,0,1623.881200688514,3,144850
harshithasiva,128,1020263,0,1432.670484519557,3,514119
HarishKarthick,40,2378787,0,1491.717,1,340207
GowthamK_25,129,1013131,0,1453.377476037589,4,447277
harsha,416,220130,1,,,
user2853nY,47,2159332,0,1534.381,1,253262
Joyandrew,346,302116,0,1470.6077738305837,25,395364
jaiprakashps,124,1050268,0,1433.578352992054,9,511423
kanish_s_28,223,562438,0,1463.955990907146,24,414435
keerthigam,67,1703890,0,1530.71809804324,3,259528
lingeshv09092005,338,313617,0,1619.863,31,148348
PamilaIrene,58,1879258,0,1682.8693590666119,2,102776
MAHAVEER-2027,104,1223738,0,1560.9411810926138,13,213194
praneshalagesan,133,984900,0,1469.6477032773212,10,398107
praneesshh,50,2073420,0,,,
user9128no,167,782924,0,1478.2966427017577,6,374080
maji_husai_123,75,1603759,0,1413.9089584350586,1,575137
pradeepm516,123,1073635,0,1475.4095639217837,8,381894
praveenkumar7,44,2247464,0,1398.2083663980593,5,629730
joshuait,6,5000001,0,,,
user8282pW,5,5000001,0,,,
Pritika_16,176,740356,0,1470.3374029960657,3,396104
SaranyaS29,272,432897,0,1431.7215964104237,30,517111
priya-19,38,2450437,0,1524.4617462158203,1,270434
sachin_v03,107,1194484,0,1369.3814344879816,9,665940
puviyarasu12,181,718291,0,1407.0967402832864,4,617049
Rahul_R_2023,259,467682,0,1448.070224429436,9,464442
nan,456,185154,0,1605.7398799993614,27,161472
saravananit2005,140,944248,0,1563.292533237143,11,210078
sivadharni21,105,1213836,0,1523.189333861647,16,272798
Sowmiya820,266,446469,0,1294.713168307906,18,715193
user5268Wq,111,1166629,0,1566.3258795509737,4,206031
SamGiftson,94,1328839,0,1574.6995022422389,2,195458
tamil143,99,1277037,0,1520.840461707915,12,277126
swathi2005,39,2449857,0,1653.5668939768973,9,121725
Shriharinimuralidharan29,41,2343833,0,1381.536328047903,2,651815
__tarika___,79,1514194,0,1606.0557114450555,2,161159
user6074bw,85,1434081,0,1675.01,6,107584
Supriya_venkatasalapathi,94,1328739,0,1490.9007423802427,2,342300
tamizhmani13270,191,676741,0,1701.103,27,92654
user6328wY,109,1175662,0,1490.7517653274388,10,342646
tharan_a0812,112,1148574,0,1401.8461214833417,11,624746
THARASRI_MAGESHKUMAR,57,1898860,0,1527.6928723136398,3,264642
thamilarasangp,246,506871,0,1418.0299591975074,11,552863
VibithaBalamurali,89,1385626,0,1437.541,1,498778
VarunGovindarajan,83,1459891,2,1470.1617173429208,7,396568
yasvanth_palanisamy,111,1157520,0,,,
Yuvasri_b11,84,1446948,0,1335.0085298942229,6,697131
mohan200223,0,5000001,0,,,
kavin-M4x,189,685267,0,,,
Gokul_C_5591,34,2616178,0,,,
Sridharan_c12,101,1256061,0,,,
mohan200223,0,5000001,0,,,
DhanvanthS,32,2702687,0,,,
Gokulan_RS,159,824055,0,,,
harish06,63,1769196,0,,,
GokulM,0,5000001,0,,,
user0101rz,20,3437846,0,,,
Dharanitharan0609,1,5000001,0,,,
JEEVAN_T,0,5000001,0,,,
Jeyasree_Muthumani1408,0,5000001,0,,,
Jameelahmedmr,19,3524498,0,,,
monish_t,16,3815550,0,,,
user5395fl,89,1386348,0,,,
Muvesh,0,5000001,0,,,
kamalesh_12,8,5000001,0,,,
Nikhilavs,77,1543365,0,,,
rahulrajj,0,5000001,0,,,
Rohith080620,21,3361080,0,,,
kavinc,25,3076273,0,,,
Soundhar01042006,63,1777355,0,,,
sriparasuram_tr,0,5000001,0,,,
stevugiftsen26,0,5000001,0,,,
samratc,25,3076781,0,,,
male,0,5000001,0,,,
vignesvaran,0,5000001,0,,,
thangavelp2005,180,722865,0,1464.055,10,414140
ajay0408,0,5000001,0,,,
Vaisali_Senthilkumar,62,1796698,0,,,
Dhanushkumar2005,0,5000001,0,,,
Devapprakash_A,0,5000001,0,,,
GoforthWalker,5,5000001,0,,,
